samplename,library,tag,organism,vivar_project,binsize,panels
RNA026844,20230907_JAV2201_Pico_V3_plasma_and_urine_P2,Lab_JVS,Homo Sapiens,,0,[]
RNA026856,20230907_JAV2201_Pico_V3_plasma_and_urine_P2,Lab_JVS,Homo Sapiens,,0,[]
RNA026850,20230907_JAV2201_Pico_V3_plasma_and_urine_P2,Lab_JVS,Homo Sapiens,,0,[]
RNA026854,20230907_JAV2201_Pico_V3_plasma_and_urine_P2,Lab_JVS,Homo Sapiens,,0,[]
RNA026845,20230907_JAV2201_Pico_V3_plasma_and_urine_P2,Lab_JVS,Homo Sapiens,,0,[]
RNA026849,20230907_JAV2201_Pico_V3_plasma_and_urine_P2,Lab_JVS,Homo Sapiens,,0,[]
RNA026851,20230907_JAV2201_Pico_V3_plasma_and_urine_P2,Lab_JVS,Homo Sapiens,,0,[]
RNA026858,20230907_JAV2201_Pico_V3_plasma_and_urine_P2,Lab_JVS,Homo Sapiens,,0,[]
RNA026848,20230907_JAV2201_Pico_V3_plasma_and_urine_P2,Lab_JVS,Homo Sapiens,,0,[]
RNA026852,20230907_JAV2201_Pico_V3_plasma_and_urine_P2,Lab_JVS,Homo Sapiens,,0,[]
RNA026859,20230907_JAV2201_Pico_V3_plasma_and_urine_P2,Lab_JVS,Homo Sapiens,,0,[]
RNA026853,20230907_JAV2201_Pico_V3_plasma_and_urine_P2,Lab_JVS,Homo Sapiens,,0,[]
RNA026864,20230907_JAV2201_Pico_V3_plasma_and_urine_P2,Lab_JVS,Homo Sapiens,,0,[]
RNA026855,20230907_JAV2201_Pico_V3_plasma_and_urine_P2,Lab_JVS,Homo Sapiens,,0,[]
RNA026866,20230907_JAV2201_Pico_V3_plasma_and_urine_P2,Lab_JVS,Homo Sapiens,,0,[]
RNA026857,20230907_JAV2201_Pico_V3_plasma_and_urine_P2,Lab_JVS,Homo Sapiens,,0,[]
RNA026841,20230907_JAV2201_Pico_V3_plasma_and_urine_P2,Lab_JVS,Homo Sapiens,,0,[]
RNA026860,20230907_JAV2201_Pico_V3_plasma_and_urine_P2,Lab_JVS,Homo Sapiens,,0,[]
RNA026863,20230907_JAV2201_Pico_V3_plasma_and_urine_P2,Lab_JVS,Homo Sapiens,,0,[]
RNA026846,20230907_JAV2201_Pico_V3_plasma_and_urine_P2,Lab_JVS,Homo Sapiens,,0,[]
RNA026865,20230907_JAV2201_Pico_V3_plasma_and_urine_P2,Lab_JVS,Homo Sapiens,,0,[]
RNA026843,20230907_JAV2201_Pico_V3_plasma_and_urine_P2,Lab_JVS,Homo Sapiens,,0,[]
RNA026842,20230907_JAV2201_Pico_V3_plasma_and_urine_P2,Lab_JVS,Homo Sapiens,,0,[]
RNA026861,20230907_JAV2201_Pico_V3_plasma_and_urine_P2,Lab_JVS,Homo Sapiens,,0,[]
RNA026847,20230907_JAV2201_Pico_V3_plasma_and_urine_P2,Lab_JVS,Homo Sapiens,,0,[]
RNA026862,20230907_JAV2201_Pico_V3_plasma_and_urine_P2,Lab_JVS,Homo Sapiens,,0,[]
